"","borough","neighborhood","building_class_category","tax_class_present","block","lot","easement","building_class_present","address","apartment_number","zip_code","residential_units","commmercial_units","total_units","land_sq_feet","gross_sq_feet","year_built","tax_class_time_sale","build_class_time_sale","sale_price","sale_date","serialid","sale_year","sale_month"
"5631",3,"BAY RIDGE","01  ONE FAMILY HOMES","1",5871,91,"","A5","24 BAY RIDGE PLACE","",11209,1,0,1,1600,1400,1910,1,"A5",585000,"2009-10-29",5631,9,9
"5635",3,"BAY RIDGE","01  ONE FAMILY HOMES","1",5882,38,"","A5","7014 LOUISE TERRACE","",11209,1,0,1,1169,1224,1925,1,"A5",515000,"2009-10-15",5635,9,9
"5636",3,"BAY RIDGE","01  ONE FAMILY HOMES","1",5882,50,"","A5","7009 LOUISE TERRACE","",11209,1,0,1,945,1836,1925,1,"A5",499900,"2009-04-20",5636,9,3
"5637",3,"BAY RIDGE","01  ONE FAMILY HOMES","1",5882,80,"","A5","7002 COLONIAL ROAD","",11209,1,0,1,1121,1330,1925,1,"A5",525000,"2009-09-02",5637,9,8
"5638",3,"BAY RIDGE","01  ONE FAMILY HOMES","1",5882,81,"","A5","7004 COLONIAL ROAD","",11209,1,0,1,1118,1224,1925,1,"A5",4e+05,"2009-07-24",5638,9,6
"5639",3,"BAY RIDGE","01  ONE FAMILY HOMES","1",5885,45,"","A5","7037 RIDGECREST TERRACE","",11209,1,0,1,1942,1938,1925,1,"A5",643118,"2009-06-01",5639,9,5
"5642",3,"BAY RIDGE","01  ONE FAMILY HOMES","1",5890,59,"","A5","249 72ND   STREET","",11209,1,0,1,1667,2444,1925,1,"A5",390000,"2009-05-26",5642,9,4
"5646",3,"BAY RIDGE","01  ONE FAMILY HOMES","1",5905,23,"","A5","94 72ND   STREET","",11209,1,0,1,2000,2048,1920,1,"A5",725000,"2009-11-10",5646,9,10
"5647",3,"BAY RIDGE","01  ONE FAMILY HOMES","1",5905,31,"","A5","110 72ND   STREET","",11209,1,0,1,2000,1880,1910,1,"A5",525000,"2009-07-27",5647,9,6
"5648",3,"BAY RIDGE","01  ONE FAMILY HOMES","1",5905,31,"","A5","110 72ND   STREET","",11209,1,0,1,2000,1880,1910,1,"A5",4e+05,"2009-03-27",5648,9,2
"5651",3,"BAY RIDGE","01  ONE FAMILY HOMES","1",5916,12,"","A5","138 73RD   STREET","",11209,1,0,1,1933,1264,1925,1,"A5",535000,"2009-07-28",5651,9,6
"5653",3,"BAY RIDGE","01  ONE FAMILY HOMES","1",5916,15,"","A5","144 73 STREET","",11209,1,0,1,1967,1216,1925,1,"A5",606500,"2009-11-24",5653,9,10
"5655",3,"BAY RIDGE","01  ONE FAMILY HOMES","1",5921,71,"","A4","635 74 STREET","",11209,1,0,1,2000,2083,1910,1,"A4",750000,"2009-11-02",5655,9,10
"5656",3,"BAY RIDGE","01  ONE FAMILY HOMES","1",5929,63,"","A4","341 BAY RIDGE PARKWAY","",11209,1,0,1,1880,2100,1910,1,"A4",550000,"2009-02-27",5656,9,1
"5658",3,"BAY RIDGE","01  ONE FAMILY HOMES","1",5930,27,"","A4","458 74TH STREET","",11209,1,0,1,1887,2640,1899,1,"A4",824000,"2009-06-04",5658,9,5
"5659",3,"BAY RIDGE","01  ONE FAMILY HOMES","1",5930,57,"","A9","475 BAY RIDGE PARKWAY","",11209,1,0,1,823,2200,1910,1,"A9",505000,"2009-06-04",5659,9,5
"5661",3,"BAY RIDGE","01  ONE FAMILY HOMES","1",5932,33,"","A9","660 74TH STREET","",11209,1,0,1,1896,1444,1925,1,"A9",83000,"2009-09-22",5661,9,8
"5663",3,"BAY RIDGE","01  ONE FAMILY HOMES","1",5936,38,"","A1","7518 NARROWS AVENUE","",11209,1,0,1,3815,3169,1925,1,"A1",960000,"2009-08-12",5663,9,7
"5669",3,"BAY RIDGE","01  ONE FAMILY HOMES","1",5947,9,"","A1","7601 NARROWS AVENUE","",11209,1,0,1,2800,1704,1925,1,"A1",2100000,"2009-05-29",5669,9,4
"5673",3,"BAY RIDGE","01  ONE FAMILY HOMES","1",5948,7,"","A9","7609 COLONIAL ROAD","",11209,1,0,1,2001,2768,1920,1,"A9",675000,"2009-04-28",5673,9,3
"5674",3,"BAY RIDGE","01  ONE FAMILY HOMES","1",5949,54,"","A1","269 77TH   STREET","",11209,1,0,1,2187,1852,1935,1,"A1",761000,"2009-06-18",5674,9,5
"5677",3,"BAY RIDGE","01  ONE FAMILY HOMES","1",5953,72,"","A5","651 77TH   STREET","",11209,1,0,1,2100,1666,1920,1,"A5",690000,"2009-12-01",5677,9,11
"5678",3,"BAY RIDGE","01  ONE FAMILY HOMES","1",5956,9,"","A1","1 78TH STREET","",11209,1,0,1,2015,1710,1926,1,"A1",705000,"2009-12-30",5678,9,11
"5680",3,"BAY RIDGE","01  ONE FAMILY HOMES","1",5956,53,"","A1","35 79TH   STREET","",11209,1,0,1,2700,1460,1925,1,"A1",915000,"2009-02-24",5680,9,1
"5681",3,"BAY RIDGE","01  ONE FAMILY HOMES","1",5956,70,"","A1","10 78 STREET","",11209,1,0,1,2000,884,1925,1,"A1",1e+05,"2009-12-04",5681,9,11
"5683",3,"BAY RIDGE","01  ONE FAMILY HOMES","1",5957,75,"","A9","45 78TH STREET","",11209,1,0,1,2296,1408,1925,1,"A9",790000,"2009-10-01",5683,9,9
"5685",3,"BAY RIDGE","01  ONE FAMILY HOMES","1",5959,22,"","A1","234 77TH   STREET","",11209,1,0,1,3280,2986,1910,1,"A1",808000,"2009-05-14",5685,9,4
"5691",3,"BAY RIDGE","01  ONE FAMILY HOMES","1",5966,5,"","A1","7801 NARROWS AVENUE","",11209,1,0,1,4000,3074,2000,1,"A1",1570000,"2009-09-16",5691,9,8
"5692",3,"BAY RIDGE","01  ONE FAMILY HOMES","1",5966,35,"","A1","7802 COLONIAL ROAD","",11209,1,0,1,3350,2495,1925,1,"A1",940000,"2009-12-16",5692,9,11
"5693",3,"BAY RIDGE","01  ONE FAMILY HOMES","1",5967,42,"","A1","7810 RIDGE BOULEVARD","",11209,1,0,1,3700,3410,1925,1,"A1",1100000,"2009-10-16",5693,9,9
"5694",3,"BAY RIDGE","01  ONE FAMILY HOMES","1",5969,61,"","A5","351 79TH   STREET","",11209,1,0,1,2187,1264,1925,1,"A5",773000,"2009-09-17",5694,9,8
"5698",3,"BAY RIDGE","01  ONE FAMILY HOMES","1",5975,246,"","A3","8025 HARBOR VIEW TERRACE","",11209,1,0,1,4300,3274,1930,1,"A3",1900000,"2009-09-18",5698,9,8
"5701",3,"BAY RIDGE","01  ONE FAMILY HOMES","1",5980,25,"","A1","444 79TH   STREET","",11209,1,0,1,4000,2453,1910,1,"A1",799000,"2009-08-28",5701,9,7
"5703",3,"BAY RIDGE","01  ONE FAMILY HOMES","1",5982,28,"","A5","648 79TH   STREET","",11209,1,0,1,1900,2200,1910,1,"A5",435750,"2009-07-24",5703,9,6
"5704",3,"BAY RIDGE","01  ONE FAMILY HOMES","1",5985,13,"","A1","72 80TH   STREET","",11209,1,0,1,3280,3488,1925,1,"A1",2525000,"2009-07-01",5704,9,6
"5706",3,"BAY RIDGE","01  ONE FAMILY HOMES","1",5986,6,"","A1","8011 COLONIAL ROAD","",11209,1,0,1,3600,2681,1920,1,"A1",999000,"2009-06-03",5706,9,5
"5708",3,"BAY RIDGE","01  ONE FAMILY HOMES","1",5986,68,"","A1","151 81ST STREET","",11209,1,0,1,2788,1392,1920,1,"A1",915000,"2009-08-27",5708,9,7
"5713",3,"BAY RIDGE","01  ONE FAMILY HOMES","1",5997,22,"","A5","334 81ST   STREET","",11209,1,0,1,2187,1600,1920,1,"A5",620000,"2009-07-29",5713,9,6
"5719",3,"BAY RIDGE","01  ONE FAMILY HOMES","1",6008,57,"","A5","465 83RD STREET","",11209,1,0,1,2225,1586,1920,1,"A5",350000,"2009-06-23",5719,9,5
"5720",3,"BAY RIDGE","01  ONE FAMILY HOMES","1",6015,19,"","A1","128 83RD   STREET","",11209,1,0,1,3000,1897,1925,1,"A1",950000,"2009-12-29",5720,9,11
"5722",3,"BAY RIDGE","01  ONE FAMILY HOMES","1",6015,31,"","A1","160 83RD   STREET","",11209,1,0,1,6000,4096,1905,1,"A1",1400000,"2009-07-02",5722,9,6
"5723",3,"BAY RIDGE","01  ONE FAMILY HOMES","1",6015,50,"","A1","165 84TH   STREET","",11209,1,0,1,4000,2855,1905,1,"A1",1575000,"2009-09-01",5723,9,8
"5724",3,"BAY RIDGE","01  ONE FAMILY HOMES","1",6015,67,"","A1","123 84TH STREET","",11209,1,0,1,2667,1709,1930,1,"A1",980000,"2009-03-04",5724,9,2
"5727",3,"BAY RIDGE","01  ONE FAMILY HOMES","1",6023,42,"","A3","8420 RIDGE BOULEVARD","",11209,1,0,1,7000,3290,1910,1,"S1",1670000,"2009-04-20",5727,9,3
"5731",3,"BAY RIDGE","01  ONE FAMILY HOMES","1",6031,54,"","A5","79 86TH   STREET","",11209,1,0,1,3614,2193,1920,1,"A5",960000,"2009-10-23",5731,9,9
"5734",3,"BAY RIDGE","01  ONE FAMILY HOMES","1",6046,43,"","A9","81 88TH ST","",11209,1,0,1,2500,2066,1930,1,"A9",5e+05,"2009-06-26",5734,9,5
"5735",3,"BAY RIDGE","01  ONE FAMILY HOMES","1",6049,110,"","A5","316 87TH STREET","",11209,1,0,1,1667,1952,1925,1,"A5",640000,"2009-07-15",5735,9,6
"5739",3,"BAY RIDGE","01  ONE FAMILY HOMES","1",6059,6,"","A1","30 88TH   STREET","",11209,1,0,1,4000,2650,1925,1,"A1",1400000,"2009-04-09",5739,9,3
"5742",3,"BAY RIDGE","01  ONE FAMILY HOMES","1",6059,38,"","A3","8824 COLONIAL ROAD","",11209,1,0,1,2550,2822,1925,1,"S1",810000,"2009-10-01",5742,9,9
"5745",3,"BAY RIDGE","01  ONE FAMILY HOMES","1",6062,15,"","A5","326 88TH STREET","",11209,1,0,1,2000,1280,1920,1,"A5",645000,"2009-10-23",5745,9,9
"5746",3,"BAY RIDGE","01  ONE FAMILY HOMES","1",6063,21,"","A5","236 89TH STREET","",11209,1,0,1,2000,1630,1925,1,"A5",558000,"2009-07-16",5746,9,6
"5748",3,"BAY RIDGE","01  ONE FAMILY HOMES","1",6067,28,"","A5","518 88TH STREET","",11209,1,0,1,1868,2052,1940,1,"A5",605000,"2009-07-28",5748,9,6
"5752",3,"BAY RIDGE","01  ONE FAMILY HOMES","1",6078,52,"","A1","70 89TH   STREET","",11209,1,0,1,6420,2791,1925,1,"A1",1325000,"2009-04-08",5752,9,3
"5753",3,"BAY RIDGE","01  ONE FAMILY HOMES","1",6078,53,"","A9","72 89TH   STREET","",11209,1,0,1,4100,1480,1925,1,"A9",875000,"2009-10-02",5753,9,9
"5754",3,"BAY RIDGE","01  ONE FAMILY HOMES","1",6078,55,"","A1","78 89TH STREET","",11209,1,0,1,5610,3343,1925,1,"A1",1e+06,"2009-02-26",5754,9,1
"5755",3,"BAY RIDGE","01  ONE FAMILY HOMES","1",6078,86,"","A1","63 91 STREET","",11209,1,0,1,2613,1376,1925,1,"A1",7e+05,"2009-11-19",5755,9,10
"5756",3,"BAY RIDGE","01  ONE FAMILY HOMES","1",6078,120,"","A5","8924 SHORE COURT","",11209,1,0,1,2550,2136,1925,1,"A5",869000,"2009-12-18",5756,9,11
"5757",3,"BAY RIDGE","01  ONE FAMILY HOMES","1",6078,245,"","A5","8903 SHORE COURT","",11209,1,0,1,1650,2473,1925,1,"A5",6e+05,"2009-06-18",5757,9,5
"5760",3,"BAY RIDGE","01  ONE FAMILY HOMES","1",6080,15,"","A9","222 90TH   STREET","",11209,1,0,1,2200,1440,1925,1,"A9",857500,"2009-08-27",5760,9,7
"5761",3,"BAY RIDGE","01  ONE FAMILY HOMES","1",6084,17,"","A1","132 91ST STREET","",11209,1,0,1,2500,1408,1925,1,"A1",875000,"2009-10-27",5761,9,9
"5762",3,"BAY RIDGE","01  ONE FAMILY HOMES","1",6084,18,"","A1","136 91 STREET","",11209,1,0,1,2500,1408,1925,1,"A1",735000,"2009-08-13",5762,9,7
"5766",3,"BAY RIDGE","01  ONE FAMILY HOMES","1",6100,23,"","A1","52 OLIVER STREET","",11209,1,0,1,2500,1472,1925,1,"A1",710000,"2009-10-23",5766,9,9
"5767",3,"BAY RIDGE","01  ONE FAMILY HOMES","1",6100,25,"","A1","58 OLIVER","",11209,1,0,1,2600,1472,1925,1,"A1",805000,"2009-06-19",5767,9,5
"5768",3,"BAY RIDGE","01  ONE FAMILY HOMES","1",6104,28,"","A1","42 93RD STREET","",11209,1,0,1,3000,1735,1925,1,"A1",880000,"2009-08-03",5768,9,7
"5769",3,"BAY RIDGE","01  ONE FAMILY HOMES","1",6106,30,"","A1","266 93RD   STREET","",11209,1,0,1,2500,1748,1925,1,"A1",750000,"2009-03-09",5769,9,2
"5770",3,"BAY RIDGE","01  ONE FAMILY HOMES","1",6107,76,"","A5","9317 LAFAYETTE WALK","",11209,1,0,1,1021,910,1925,1,"A5",405000,"2009-03-13",5770,9,2
"5771",3,"BAY RIDGE","01  ONE FAMILY HOMES","1",6107,77,"","A5","9319 LAFAYETTE WALK","",11209,1,0,1,1021,910,1925,1,"A5",480000,"2009-08-20",5771,9,7
"5772",3,"BAY RIDGE","01  ONE FAMILY HOMES","1",6107,82,"","A5","9329 LAFAYETTE WALK","",11209,1,0,1,1021,1365,1925,1,"A5",375000,"2009-01-29",5772,9,0
"5773",3,"BAY RIDGE","01  ONE FAMILY HOMES","1",6109,32,"","A5","522 92ND   STREET","",11209,1,0,1,1253,1160,1925,1,"A5",490000,"2009-09-11",5773,9,8
"5775",3,"BAY RIDGE","01  ONE FAMILY HOMES","1",6110,65,"","A9","213 GELSTON AVENUE","",11209,1,0,1,737,762,1915,1,"A9",405000,"2009-02-11",5775,9,1
"5776",3,"BAY RIDGE","01  ONE FAMILY HOMES","1",6127,8,"","A5","427 MARINE AVENUE","",11209,1,0,1,2438,1144,1930,1,"A5",571608,"2009-12-29",5776,9,11
"5779",3,"BAY RIDGE","01  ONE FAMILY HOMES","1",6137,50,"","A5","329 101ST   STREET","",11209,1,0,1,2250,2272,1925,1,"A5",667500,"2009-05-18",5779,9,4
"5780",3,"BAY RIDGE","01  ONE FAMILY HOMES","1",6138,22,"","A2","436 100TH STREET","",11209,1,0,1,2074,1554,1935,1,"A2",530000,"2009-12-18",5780,9,11
"5781",3,"BAY RIDGE","01  ONE FAMILY HOMES","1",6141,80,"","A5","280 BATTERY AVENUE","",11209,1,0,1,1476,1764,1955,1,"A5",490000,"2009-01-30",5781,9,0
"5826",3,"BAY RIDGE","02  TWO FAMILY HOMES","1",5882,12,"","A1","62 70TH   STREET","",11209,1,0,1,5267,3882,1925,1,"B3",825000,"2009-09-29",5826,9,8
"6016",3,"BAY RIDGE","03  THREE FAMILY HOMES","1",6032,66,"","A3","135 86TH   STREET","",11209,1,0,1,7510,4923,1910,1,"C0",1300000,"2009-06-04",6016,9,5
"80059",3,"BAY RIDGE","01  ONE FAMILY HOMES","1",5869,57,"","A5","95 70TH   STREET","",11209,1,0,1,2117,1440,1925,1,"A5",665000,"2010-04-23",80059,10,3
"80060",3,"BAY RIDGE","01  ONE FAMILY HOMES","1",5869,65,"","A5","79 70 STREET","",11209,1,0,1,1933,1440,1925,1,"A5",625000,"2010-02-26",80060,10,1
"80061",3,"BAY RIDGE","01  ONE FAMILY HOMES","1",5871,5,"","A4","6931 RIDGE BLVD","",11209,1,0,1,1800,2634,1899,1,"A4",710000,"2010-02-12",80061,10,1
"80062",3,"BAY RIDGE","01  ONE FAMILY HOMES","1",5871,12,"","A4","6915 RIDGE BOULEVARD","",11209,1,0,1,1800,2634,1899,1,"A4",815000,"2010-03-29",80062,10,2
"80063",3,"BAY RIDGE","01  ONE FAMILY HOMES","1",5871,108,"","A5","23 BAY RIDGE PLACE","",11209,1,0,1,1900,1400,1920,1,"A5",575000,"2010-08-12",80063,10,7
"80065",3,"BAY RIDGE","01  ONE FAMILY HOMES","1",5873,63,"","A1","471 OVINGTON AVENUE","",11209,1,0,1,4352,2294,1915,1,"A1",710000,"2010-12-29",80065,10,11
"80068",3,"BAY RIDGE","01  ONE FAMILY HOMES","1",5882,42,"","A5","7024 LOUISE TERRACE","",11209,1,0,1,1313,1330,1925,1,"A5",660000,"2010-08-13",80068,10,7
"80069",3,"BAY RIDGE","01  ONE FAMILY HOMES","1",5884,17,"","A5","62A MACKAY PLACE","",11209,1,0,1,1139,1024,1930,1,"A5",530000,"2010-06-24",80069,10,5
"80070",3,"BAY RIDGE","01  ONE FAMILY HOMES","1",5885,60,"","A5","7007 RIDGECREST TERRACE","",11209,1,0,1,1942,1938,1925,1,"A5",515000,"2010-08-30",80070,10,7
"80071",3,"BAY RIDGE","01  ONE FAMILY HOMES","1",5885,102,"","A5","7001 PERRY TERRACE","",11209,1,0,1,2625,2147,1925,1,"A5",527000,"2010-08-30",80071,10,7
"80072",3,"BAY RIDGE","01  ONE FAMILY HOMES","1",5888,59,"","A4","93 72ND STREET","",11209,1,0,1,2000,1828,1925,1,"A4",620000,"2010-01-11",80072,10,0
"80073",3,"BAY RIDGE","01  ONE FAMILY HOMES","1",5894,52,"","A5","643 71ST STREET","",11209,1,0,1,1847,1580,1925,1,"A5",623000,"2010-06-17",80073,10,5
"80081",3,"BAY RIDGE","01  ONE FAMILY HOMES","1",5911,69,"","A1","637 73RD   STREET","",11209,1,0,1,4000,1080,1920,1,"A1",645000,"2010-10-15",80081,10,9
"80083",3,"BAY RIDGE","01  ONE FAMILY HOMES","1",5926,70,"","A5","41 BAY RIDGE PARKWAY","",11209,1,0,1,1692,1288,1920,1,"A5",625000,"2010-06-17",80083,10,5
"80084",3,"BAY RIDGE","01  ONE FAMILY HOMES","1",5929,65,"","A4","337 BAY RIDGE PARKWAY","",11209,1,0,1,1880,1432,1910,1,"A4",685000,"2010-08-16",80084,10,7
"80085",3,"BAY RIDGE","01  ONE FAMILY HOMES","1",5930,22,"","A4","446 74TH   STREET","",11209,1,0,1,1793,2926,1899,1,"A4",836000,"2010-01-08",80085,10,0
"80086",3,"BAY RIDGE","01  ONE FAMILY HOMES","1",5930,25,"","A4","454 74TH   STREET","",11209,1,0,1,1860,2640,1899,1,"A4",549000,"2010-07-27",80086,10,6
"80087",3,"BAY RIDGE","01  ONE FAMILY HOMES","1",5930,29,"","A4","464 74TH STREET","",11209,1,0,1,1933,1760,1899,1,"A4",810000,"2010-01-21",80087,10,0
"80089",3,"BAY RIDGE","01  ONE FAMILY HOMES","1",5937,35,"","A5","82 BAY RIDGE PARKWAY","",11209,1,0,1,2000,1640,1920,1,"A5",711000,"2010-09-23",80089,10,8
"80090",3,"BAY RIDGE","01  ONE FAMILY HOMES","1",5937,36,"","A5","84 BAY RIDGE PARKWAY","",11209,1,0,1,2000,2340,1920,1,"A5",650000,"2010-06-03",80090,10,5
"80091",3,"BAY RIDGE","01  ONE FAMILY HOMES","1",5938,4,"","A9","7515 COLONIAL ROAD","",11209,1,0,1,2000,1504,1925,1,"A9",355000,"2010-07-08",80091,10,6
"80092",3,"BAY RIDGE","01  ONE FAMILY HOMES","1",5938,7,"","A9","7507 COLONIAL ROAD","",11209,1,0,1,1880,1504,1925,1,"A9",190000,"2010-12-21",80092,10,11
"80095",3,"BAY RIDGE","01  ONE FAMILY HOMES","1",5941,59,"","A5","453 76TH   STREET","",11209,1,0,1,2000,1576,1925,1,"A5",854000,"2010-10-19",80095,10,9
"80097",3,"BAY RIDGE","01  ONE FAMILY HOMES","1",5942,61,"","A4","567 76TH STREET","",11209,1,0,1,2000,2160,1905,1,"A4",300500,"2010-10-01",80097,10,9
"80098",3,"BAY RIDGE","01  ONE FAMILY HOMES","1",5943,73,"","A4","629 76TH   STREET","",11209,1,0,1,2000,2083,1901,1,"A4",760000,"2010-07-01",80098,10,6
"80101",3,"BAY RIDGE","01  ONE FAMILY HOMES","1",5947,49,"","A5","7626 COLONIAL ROAD","",11209,1,0,1,2000,2000,1925,1,"A5",910000,"2010-01-19",80101,10,0
"80104",3,"BAY RIDGE","01  ONE FAMILY HOMES","1",5952,58,"","A5","549 77TH STREET","",11209,1,0,1,1842,2196,1920,1,"A5",639000,"2010-12-15",80104,10,11
"80105",3,"BAY RIDGE","01  ONE FAMILY HOMES","1",5953,73,"","A5","649 77TH STREET","",11209,1,0,1,2100,1666,1920,1,"A5",714000,"2010-07-09",80105,10,6
"80107",3,"BAY RIDGE","01  ONE FAMILY HOMES","1",5957,59,"","A1","77 78TH   STREET","",11209,1,0,1,2624,1819,1925,1,"A1",940000,"2010-11-09",80107,10,10
"80108",3,"BAY RIDGE","01  ONE FAMILY HOMES","1",5958,12,"","A9","116 77TH   STREET","",11209,1,0,1,2624,2208,1925,1,"A9",760000,"2010-05-03",80108,10,4
"80114",3,"BAY RIDGE","01  ONE FAMILY HOMES","1",5971,22,"","A5","532 78TH   STREET","",11209,1,0,1,2100,1632,1925,1,"A5",726000,"2010-03-10",80114,10,2
"80115",3,"BAY RIDGE","01  ONE FAMILY HOMES","1",5975,19,"","A1","22 79TH STREET","",11209,1,0,1,2508,1504,1930,1,"A1",920000,"2010-04-09",80115,10,3
"80117",3,"BAY RIDGE","01  ONE FAMILY HOMES","1",5975,71,"","A3","22 80TH   STREET","",11209,1,0,1,6470,4537,1940,1,"A3",1700000,"2010-01-19",80117,10,0
"80118",3,"BAY RIDGE","01  ONE FAMILY HOMES","1",5975,71,"","A3","22 80TH   STREET","",11209,1,0,1,6470,4537,1940,1,"A3",1700000,"2010-01-19",80118,10,0
"80119",3,"BAY RIDGE","01  ONE FAMILY HOMES","1",5975,125,"","A3","37 82ND   STREET","",11209,1,0,1,5000,2946,1930,1,"A3",2100000,"2010-12-10",80119,10,11
"80120",3,"BAY RIDGE","01  ONE FAMILY HOMES","1",5975,181,"","A3","8033 SHORE ROAD","",11209,1,0,1,9327,3256,1930,1,"A3",4650000,"2010-04-15",80120,10,3
"80121",3,"BAY RIDGE","01  ONE FAMILY HOMES","1",5976,8,"","A1","7917 NARROWS AVENUE","",11209,1,0,1,2622,1504,1930,1,"A1",9e+05,"2010-08-03",80121,10,7
"80125",3,"BAY RIDGE","01  ONE FAMILY HOMES","1",5979,34,"","A9","362 79TH   STREET","",11209,1,0,1,2187,1632,1925,1,"A9",735000,"2010-09-14",80125,10,8
"80132",3,"BAY RIDGE","01  ONE FAMILY HOMES","1",5988,68,"","A5","333 81ST   STREET","",11209,1,0,1,2187,1328,1910,1,"A5",675000,"2010-12-29",80132,10,11
"80133",3,"BAY RIDGE","01  ONE FAMILY HOMES","1",5989,65,"","A5","449 81ST STREET","",11209,1,0,1,2000,2664,1905,1,"A5",725000,"2010-04-14",80133,10,3
"80134",3,"BAY RIDGE","01  ONE FAMILY HOMES","1",5990,37,"","A5","574 80TH   STREET","",11209,1,0,1,2300,1764,1920,1,"A5",765000,"2010-03-12",80134,10,2
"80135",3,"BAY RIDGE","01  ONE FAMILY HOMES","1",5990,61,"","A5","555 81ST STREET","",11209,1,0,1,2275,1957,1915,1,"A5",670000,"2010-12-21",80135,10,11
"80137",3,"BAY RIDGE","01  ONE FAMILY HOMES","1",5991,3,"","A1","8019 6TH AVENUE","",11209,1,0,1,3230,1666,1910,1,"A1",540000,"2010-04-14",80137,10,3
"80138",3,"BAY RIDGE","01  ONE FAMILY HOMES","1",5991,45,"","A5","631 81ST   STREET","",11209,1,0,1,2100,2413,1920,1,"A5",670000,"2010-11-15",80138,10,10
"80141",3,"BAY RIDGE","01  ONE FAMILY HOMES","1",5995,29,"","A5","174 81ST STREET","",11209,1,0,1,2706,1911,1925,1,"A5",950000,"2010-10-04",80141,10,9
"80142",3,"BAY RIDGE","01  ONE FAMILY HOMES","1",5996,66,"","A2","233 82ND   STREET","",11209,1,0,1,4701,4500,1960,1,"A1",1050000,"2010-01-25",80142,10,0
"80144",3,"BAY RIDGE","01  ONE FAMILY HOMES","1",6000,16,"","A5","622 81ST   STREET","",11209,1,0,1,1867,1944,1925,1,"A5",520000,"2010-06-24",80144,10,5
"80146",3,"BAY RIDGE","01  ONE FAMILY HOMES","1",6006,48,"","A3","269 83RD   STREET","",11209,1,0,1,4000,4090,1920,1,"A1",1300000,"2010-09-23",80146,10,8
"80148",3,"BAY RIDGE","01  ONE FAMILY HOMES","1",6015,9,"","A1","106 83 STREET","",11209,1,0,1,5000,3281,1920,1,"A1",1755000,"2010-08-02",80148,10,7
"80149",3,"BAY RIDGE","01  ONE FAMILY HOMES","1",6015,20,"","A1","134 83RD   STREET","",11209,1,0,1,3000,1897,1925,1,"A1",985000,"2010-01-14",80149,10,0
"80150",3,"BAY RIDGE","01  ONE FAMILY HOMES","1",6015,27,"","A1","152 83RD STREET","",11209,1,0,1,4000,2149,1905,1,"A1",915000,"2010-08-27",80150,10,7
"80151",3,"BAY RIDGE","01  ONE FAMILY HOMES","1",6023,16,"","A1","124 84TH   STREET","",11209,1,0,1,2567,1352,1925,1,"A1",905000,"2010-12-01",80151,10,11
"80152",3,"BAY RIDGE","01  ONE FAMILY HOMES","1",6023,28,"","A1","152 84TH   STREET","",11209,1,0,1,4500,1936,1910,1,"A1",1455000,"2010-10-22",80152,10,9
"80153",3,"BAY RIDGE","01  ONE FAMILY HOMES","1",6023,42,"","A3","8420 RIDGE BOULEVARD","",11209,1,0,1,7000,3290,1910,1,"A3",2100000,"2010-12-23",80153,10,11
"80155",3,"BAY RIDGE","01  ONE FAMILY HOMES","1",6031,26,"","A1","70 85TH STREET","",11209,1,0,1,3696,2875,1920,1,"A1",875000,"2010-03-22",80155,10,2
"80156",3,"BAY RIDGE","01  ONE FAMILY HOMES","1",6032,24,"","A1","138 85TH   STREET","",11209,1,0,1,5000,1638,1925,1,"A1",1330000,"2010-01-15",80156,10,0
"80158",3,"BAY RIDGE","01  ONE FAMILY HOMES","1",6044,14,"","A5","318 86TH STREET","",11209,1,0,1,1917,1633,1925,1,"A5",620000,"2010-08-24",80158,10,7
"80159",3,"BAY RIDGE","01  ONE FAMILY HOMES","1",6047,16,"","A1","132 87TH STREET","",11209,1,0,1,2600,1592,1920,1,"A1",865000,"2010-10-13",80159,10,9
"80164",3,"BAY RIDGE","01  ONE FAMILY HOMES","1",6059,22,"","A9","70 88TH   STREET","",11209,1,0,1,3000,1656,1925,1,"A9",875000,"2010-05-18",80164,10,4
"80165",3,"BAY RIDGE","01  ONE FAMILY HOMES","1",6059,25,"","A1","78 88TH STREET","",11209,1,0,1,2500,2304,1925,1,"A1",794000,"2010-08-23",80165,10,7
"80166",3,"BAY RIDGE","01  ONE FAMILY HOMES","1",6059,61,"","A5","33 89TH   STREET","",11209,1,0,1,2025,1312,1925,1,"A5",675000,"2010-12-29",80166,10,11
"80167",3,"BAY RIDGE","01  ONE FAMILY HOMES","1",6059,144,"","A9","73 89TH   STREET","",11209,1,0,1,2000,2080,1925,1,"A9",682000,"2010-01-13",80167,10,0
"80168",3,"BAY RIDGE","01  ONE FAMILY HOMES","1",6063,13,"","A5","216 89TH   STREET","",11209,1,0,1,2000,1700,1925,1,"A5",670000,"2010-07-01",80168,10,6
"80169",3,"BAY RIDGE","01  ONE FAMILY HOMES","1",6063,27,"","A5","250 89TH   STREET","",11209,1,0,1,2000,1820,1925,1,"A5",650000,"2010-04-09",80169,10,3
"80170",3,"BAY RIDGE","01  ONE FAMILY HOMES","1",6063,67,"","A9","227 90TH STREET","",11209,1,0,1,2067,1704,1935,1,"A9",850000,"2010-04-16",80170,10,3
"80173",3,"BAY RIDGE","01  ONE FAMILY HOMES","1",6078,45,"","A5","8901 SHORE COURT","",11209,1,0,1,1974,2761,1925,1,"A5",996000,"2010-11-12",80173,10,10
"80175",3,"BAY RIDGE","01  ONE FAMILY HOMES","1",6078,133,"","A1","19 COLONIAL GARDENS","",11209,1,0,1,2100,1800,1925,1,"A1",635000,"2010-11-10",80175,10,10
"80177",3,"BAY RIDGE","01  ONE FAMILY HOMES","1",6080,13,"","A9","216 90TH STREET","",11209,1,0,1,2200,1342,1925,1,"A9",860000,"2010-04-14",80177,10,3
"80183",3,"BAY RIDGE","01  ONE FAMILY HOMES","1",6100,20,"","A1","42 OLIVER STREET","",11209,1,0,1,2500,1472,1925,1,"A1",650000,"2010-01-28",80183,10,0
"80185",3,"BAY RIDGE","01  ONE FAMILY HOMES","1",6107,57,"","A5","339 94TH   STREET","",11209,1,0,1,1059,1088,1925,1,"A5",130000,"2010-05-05",80185,10,4
"80186",3,"BAY RIDGE","01  ONE FAMILY HOMES","1",6107,79,"","A5","9323 LAFAYETTE WALK","",11209,1,0,1,1021,910,1925,1,"A5",465000,"2010-01-15",80186,10,0
"80187",3,"BAY RIDGE","01  ONE FAMILY HOMES","1",6107,86,"","A5","9320 LAFAYETTE WALK","",11209,1,0,1,930,910,1925,1,"A5",255000,"2010-06-22",80187,10,5
"80188",3,"BAY RIDGE","01  ONE FAMILY HOMES","1",6107,94,"","A5","9317 HAMILTON WALK","",11209,1,0,1,923,910,1925,1,"A5",468000,"2010-06-21",80188,10,5
"80192",3,"BAY RIDGE","01  ONE FAMILY HOMES","1",6113,56,"","A5","223 95TH   STREET","",11209,1,0,1,1900,1216,1925,1,"A5",630000,"2010-01-15",80192,10,0
"80193",3,"BAY RIDGE","01  ONE FAMILY HOMES","1",6114,28,"","A9","366 94TH STREET","",11209,1,0,1,2000,1234,1901,1,"A9",535000,"2010-12-15",80193,10,11
"80194",3,"BAY RIDGE","01  ONE FAMILY HOMES","1",6115,31,"","A1","9443 RIDGE BOULEVARD","",11209,1,0,1,4000,3671,1925,1,"A1",860000,"2010-07-13",80194,10,6
"80195",3,"BAY RIDGE","01  ONE FAMILY HOMES","1",6117,19,"","A9","342 95TH STREET","",11209,1,0,1,1940,1280,1915,1,"A9",510000,"2010-10-13",80195,10,9
"80198",3,"BAY RIDGE","01  ONE FAMILY HOMES","1",6122,50,"","A2","359 97TH STREET","",11209,1,0,1,3920,1496,1901,1,"A2",872000,"2010-07-21",80198,10,6
"80199",3,"BAY RIDGE","01  ONE FAMILY HOMES","1",6123,56,"","A5","455 97TH   STREET","",11209,1,0,1,1829,1080,1901,1,"A5",488000,"2010-03-18",80199,10,2
"80200",3,"BAY RIDGE","01  ONE FAMILY HOMES","1",6126,24,"","A5","340 97TH STREET","",11209,1,0,1,867,1260,1925,1,"A5",5e+05,"2010-01-13",80200,10,0
"80202",3,"BAY RIDGE","01  ONE FAMILY HOMES","1",6131,16,"","A2","415 99TH STREET","",11209,1,0,1,2800,652,1899,1,"A2",450000,"2010-04-08",80202,10,3
"80203",3,"BAY RIDGE","01  ONE FAMILY HOMES","1",6131,34,"","A9","430 MARINE AVENUE","",11209,1,0,1,1883,1410,1925,1,"A9",650000,"2010-09-14",80203,10,8
"80204",3,"BAY RIDGE","01  ONE FAMILY HOMES","1",6131,46,"","A5","9808 FORT HAMILTON PARKWA","",11209,1,0,1,1378,1668,1940,1,"A5",558500,"2010-01-21",80204,10,0
"80337",3,"BAY RIDGE","02  TWO FAMILY HOMES","1",5976,4,"","A3","7921 NARROWS AVENUE","",11209,1,0,1,8000,4000,2011,1,"B9",2100000,"2010-05-25",80337,10,4
"80386",3,"BAY RIDGE","02  TWO FAMILY HOMES","1",6041,27,"","A1","80 86TH STREET","",11209,1,0,1,3333,1496,1925,1,"B3",1025000,"2010-12-01",80386,10,11
"149258",3,"BAY RIDGE","01  ONE FAMILY HOMES","1",5882,86,"","A5","7014 COLONIAL ROAD","",11209,1,0,1,1256,1224,1925,1,"A5",595000,"2011-01-13",149258,11,0
"149259",3,"BAY RIDGE","01  ONE FAMILY HOMES","1",5884,24,"","A5","76 MACKAY PLACE","",11209,1,0,1,1829,1462,1935,1,"A5",620000,"2011-02-15",149259,11,1
"149260",3,"BAY RIDGE","01  ONE FAMILY HOMES","1",5884,33,"","A5","92 MACKAY PLACE","",11209,1,0,1,1266,1142,1935,1,"A5",650000,"2011-07-28",149260,11,6
"149265",3,"BAY RIDGE","01  ONE FAMILY HOMES","1",5905,30,"","A5","108 72ND   STREET","",11209,1,0,1,2000,1880,1910,1,"A5",690000,"2011-03-17",149265,11,2
"149266",3,"BAY RIDGE","01  ONE FAMILY HOMES","1",5915,35,"","A1","110 73RD   STREET","",11209,1,0,1,2000,1120,1925,1,"A1",685000,"2011-03-15",149266,11,2
"149267",3,"BAY RIDGE","01  ONE FAMILY HOMES","1",5926,5,"","A1","7413 NARROWS AVENUE","",11209,1,0,1,2000,2208,1940,1,"A1",670000,"2011-02-03",149267,11,1
"149272",3,"BAY RIDGE","01  ONE FAMILY HOMES","1",5936,45,"","A1","7602 NARROWS AVENUE","",11209,1,0,1,2700,1824,1930,1,"A1",1110000,"2011-09-07",149272,11,8
"149273",3,"BAY RIDGE","01  ONE FAMILY HOMES","1",5938,2,"","A9","7519 COLONIAL ROAD","",11209,1,0,1,2000,1504,1925,1,"A9",707500,"2011-08-16",149273,11,7
"149275",3,"BAY RIDGE","01  ONE FAMILY HOMES","1",5939,66,"","A1","221 76TH   STREET","",11209,1,0,1,5109,4065,1925,1,"A1",1300000,"2011-03-01",149275,11,2
"149278",3,"BAY RIDGE","01  ONE FAMILY HOMES","1",5941,61,"","A5","449 76TH STREET","",11209,1,0,1,2000,1576,1925,1,"A5",257771,"2011-06-23",149278,11,5
"149279",3,"BAY RIDGE","01  ONE FAMILY HOMES","1",5941,69,"","A5","431 76TH   STREET","",11209,1,0,1,1800,1744,1925,1,"A5",510000,"2011-01-28",149279,11,0
"149280",3,"BAY RIDGE","01  ONE FAMILY HOMES","1",5941,72,"","A5","425 76TH STREET","",11209,1,0,1,1800,1744,1925,1,"A5",673000,"2011-09-27",149280,11,8
"149285",3,"BAY RIDGE","01  ONE FAMILY HOMES","1",5948,48,"","A3","7624 RIDGE BLVD","",11209,1,0,1,7880,3064,1905,1,"A3",1880000,"2011-04-26",149285,11,3
"149286",3,"BAY RIDGE","01  ONE FAMILY HOMES","1",5949,59,"","A1","255 77TH   STREET","",11209,1,0,1,4920,4069,1910,1,"A1",1225000,"2011-08-16",149286,11,7
"149287",3,"BAY RIDGE","01  ONE FAMILY HOMES","1",5952,72,"","A5","515 77TH   STREET","",11209,1,0,1,1992,1710,1910,1,"A5",575000,"2011-04-12",149287,11,3
"149288",3,"BAY RIDGE","01  ONE FAMILY HOMES","1",5956,5,"","A1","7727 SHORE ROAD","",11209,1,0,1,1598,1144,1920,1,"A1",727000,"2011-04-29",149288,11,3
"149289",3,"BAY RIDGE","01  ONE FAMILY HOMES","1",5956,28,"","A1","7706 NARROWS AVENUE","",11209,1,0,1,2750,1622,1925,1,"A1",867000,"2011-07-22",149289,11,6
"149292",3,"BAY RIDGE","01  ONE FAMILY HOMES","1",5956,82,"","A1","9 78TH STREET","",11209,1,0,1,6217,2072,1925,1,"A1",1518000,"2011-07-27",149292,11,6
"149293",3,"BAY RIDGE","01  ONE FAMILY HOMES","1",5957,35,"","A5","90 77 STREET","",11209,1,0,1,2952,1700,1925,1,"A5",840000,"2011-07-13",149293,11,6
"149295",3,"BAY RIDGE","01  ONE FAMILY HOMES","1",5957,76,"","A9","43 78TH   STREET","",11209,1,0,1,3061,1568,1925,1,"A9",965000,"2011-01-28",149295,11,0
"149296",3,"BAY RIDGE","01  ONE FAMILY HOMES","1",5958,71,"","A5","123 78TH STREET","",11209,1,0,1,2733,1904,1925,1,"A5",803000,"2011-02-01",149296,11,1
"149297",3,"BAY RIDGE","01  ONE FAMILY HOMES","1",5958,72,"","A5","121 78TH STREET","",11209,1,0,1,2733,1904,1925,1,"A5",855000,"2011-03-03",149297,11,2
"149301",3,"BAY RIDGE","01  ONE FAMILY HOMES","1",5967,59,"","A1","165 79TH   STREET","",11209,1,0,1,2870,1552,1925,1,"A1",910000,"2011-07-11",149301,11,6
"149302",3,"BAY RIDGE","01  ONE FAMILY HOMES","1",5968,32,"","A1","256 78TH   STREET","",11209,1,0,1,1913,2724,1920,1,"A1",905500,"2011-12-30",149302,11,11
"149304",3,"BAY RIDGE","01  ONE FAMILY HOMES","1",5975,28,"","A1","42 79TH STREET","",11209,1,0,1,2508,1504,1930,1,"A1",750000,"2011-12-06",149304,11,11
"149305",3,"BAY RIDGE","01  ONE FAMILY HOMES","1",5975,45,"","A1","33 80TH   STREET","",11209,1,0,1,3523,2193,1930,1,"A1",1515000,"2011-03-04",149305,11,2
"149307",3,"BAY RIDGE","01  ONE FAMILY HOMES","1",5976,60,"","A1","111 80TH STREET","",11209,1,0,1,3247,1596,1930,1,"A1",9e+05,"2011-11-09",149307,11,10
"149308",3,"BAY RIDGE","01  ONE FAMILY HOMES","1",5976,65,"","A1","99 80TH STREET","",11209,1,0,1,3514,1596,1930,1,"A1",1050000,"2011-09-13",149308,11,8
"149309",3,"BAY RIDGE","01  ONE FAMILY HOMES","1",5977,19,"","A9","146 79TH   STREET","",11209,1,0,1,2314,1344,1925,1,"A9",820000,"2011-09-23",149309,11,8
"149311",3,"BAY RIDGE","01  ONE FAMILY HOMES","1",5977,71,"","A1","147 80TH   STREET","",11209,1,0,1,4920,2644,1910,1,"A1",1755000,"2011-03-22",149311,11,2
"149312",3,"BAY RIDGE","01  ONE FAMILY HOMES","1",5990,39,"","A1","580 80TH   STREET","",11209,1,0,1,2500,1764,1920,1,"A1",570220,"2011-07-29",149312,11,6
"149313",3,"BAY RIDGE","01  ONE FAMILY HOMES","1",5990,58,"","A5","565 81ST STREET","",11209,1,0,1,2275,1728,1915,1,"A5",660000,"2011-08-08",149313,11,7
"149315",3,"BAY RIDGE","01  ONE FAMILY HOMES","1",5991,51,"","A5","615 81ST STREET","",11209,1,0,1,2100,1792,1920,1,"A5",693500,"2011-12-07",149315,11,11
"149317",3,"BAY RIDGE","01  ONE FAMILY HOMES","1",5997,27,"","A5","346 81ST   STREET","",11209,1,0,1,2187,1328,1920,1,"A5",575000,"2011-01-27",149317,11,0
"149319",3,"BAY RIDGE","01  ONE FAMILY HOMES","1",6003,31,"","A2","8225 SHORE ROAD","",11209,1,0,1,8400,2880,1950,1,"A2",2750000,"2011-08-24",149319,11,7
"149324",3,"BAY RIDGE","01  ONE FAMILY HOMES","1",6013,58,"","A1","8514 NARROWS AVENUE","",11209,1,0,1,6125,3675,1940,1,"A1",1575000,"2011-09-16",149324,11,8
"149325",3,"BAY RIDGE","01  ONE FAMILY HOMES","1",6013,72,"","A1","11 86TH STREET","",11209,1,0,1,4800,3025,1910,1,"A1",1125000,"2011-12-09",149325,11,11
"149326",3,"BAY RIDGE","01  ONE FAMILY HOMES","1",6013,72,"","A1","11 86TH   STREET","",11209,1,0,1,4800,3025,1910,1,"A1",9e+05,"2011-02-15",149326,11,1
"149327",3,"BAY RIDGE","01  ONE FAMILY HOMES","1",6015,64,"","A1","133 84TH   STREET","",11209,1,0,1,2000,1515,1920,1,"A1",885000,"2011-06-23",149327,11,5
"149328",3,"BAY RIDGE","01  ONE FAMILY HOMES","1",6023,72,"","A1","119 85TH   STREET","",11209,1,0,1,4700,2223,1910,1,"A1",1900000,"2011-10-21",149328,11,9
"149330",3,"BAY RIDGE","01  ONE FAMILY HOMES","1",6031,16,"","A9","52 85TH   STREET","",11209,1,0,1,2825,1968,1920,1,"A9",483840,"2011-05-11",149330,11,4
"149332",3,"BAY RIDGE","01  ONE FAMILY HOMES","1",6041,10,"","A5","42 86TH STREET","",11209,1,0,1,2500,1496,1925,1,"A5",995000,"2011-07-22",149332,11,6
"149334",3,"BAY RIDGE","01  ONE FAMILY HOMES","1",6043,65,"","A5","229 87TH STREET","",11209,1,0,1,2000,2301,1901,1,"A5",324000,"2011-04-28",149334,11,3
"149336",3,"BAY RIDGE","01  ONE FAMILY HOMES","1",6046,44,"","A9","79 88TH STREET","",11209,1,0,1,2500,2066,1930,1,"A9",899988,"2011-09-16",149336,11,8
"149340",3,"BAY RIDGE","01  ONE FAMILY HOMES","1",6059,60,"","A5","35 89TH STREET","",11209,1,0,1,2025,2032,1925,1,"A5",660000,"2011-07-14",149340,11,6
"149342",3,"BAY RIDGE","01  ONE FAMILY HOMES","1",6063,66,"","A5","231 90 STREET","",11209,1,0,1,2467,1704,1935,1,"A5",850000,"2011-09-07",149342,11,8
"149343",3,"BAY RIDGE","01  ONE FAMILY HOMES","1",6064,57,"","A9","317 90TH   STREET","",11209,1,0,1,662,750,1930,1,"A9",306000,"2011-09-23",149343,11,8
"149344",3,"BAY RIDGE","01  ONE FAMILY HOMES","1",6067,27,"","A5","516 88TH STREET","",11209,1,0,1,2269,2052,1940,1,"A5",650000,"2011-11-21",149344,11,10
"149347",3,"BAY RIDGE","01  ONE FAMILY HOMES","1",6078,86,"","A1","63 91ST   STREET","",11209,1,0,1,2613,1376,1925,1,"A1",1100000,"2011-09-09",149347,11,8
"149350",3,"BAY RIDGE","01  ONE FAMILY HOMES","1",6078,137,"","A1","10 COLONIAL GARDENS","",11209,1,0,1,2100,1650,1925,1,"A1",650000,"2011-03-17",149350,11,2
"149351",3,"BAY RIDGE","01  ONE FAMILY HOMES","1",6080,24,"","A9","242 90TH   STREET","",11209,1,0,1,2200,1240,1925,1,"A9",6e+05,"2011-11-15",149351,11,10
"149352",3,"BAY RIDGE","01  ONE FAMILY HOMES","1",6080,72,"","A9","217 91 STREET","",11209,1,0,1,2900,1280,1925,1,"A9",760000,"2011-01-27",149352,11,0
"149354",3,"BAY RIDGE","01  ONE FAMILY HOMES","1",6084,61,"","A5","141 92ND STREET","",11209,1,0,1,2000,1360,1935,1,"A5",680000,"2011-06-16",149354,11,5
"149355",3,"BAY RIDGE","01  ONE FAMILY HOMES","1",6084,64,"","A1","135 92ND STREET","",11209,1,0,1,2629,2170,1899,1,"A1",250000,"2011-12-01",149355,11,11
"149356",3,"BAY RIDGE","01  ONE FAMILY HOMES","1",6089,18,"","A9","119 GELSTON AVENUE","",11209,1,0,1,2904,741,1899,1,"A9",350000,"2011-10-05",149356,11,9
"149361",3,"BAY RIDGE","01  ONE FAMILY HOMES","1",6107,95,"","A5","9319 HAMILTON WALK","",11209,1,0,1,923,910,1925,1,"A5",502450,"2011-10-28",149361,11,9
"149362",3,"BAY RIDGE","01  ONE FAMILY HOMES","1",6113,4,"","A5","9411 RIDGE BLVD","",11209,1,0,1,2080,1280,1925,1,"A5",595000,"2011-01-26",149362,11,0
"149363",3,"BAY RIDGE","01  ONE FAMILY HOMES","1",6113,10,"","A5","216 94TH   STREET","",11209,1,0,1,1900,1216,1925,1,"A5",525000,"2011-08-03",149363,11,7
"149364",3,"BAY RIDGE","01  ONE FAMILY HOMES","1",6113,59,"","A5","215 95TH STREET","",11209,1,0,1,1900,1216,1925,1,"A5",649000,"2011-07-25",149364,11,6
"149367",3,"BAY RIDGE","01  ONE FAMILY HOMES","1",6124,40,"","A9","155 97TH STREET","",11209,1,0,1,2600,1400,1925,1,"A9",7e+05,"2011-03-14",149367,11,2
"149368",3,"BAY RIDGE","01  ONE FAMILY HOMES","1",6126,79,"","A5","9717 BARWELL TERRACE","",11209,1,0,1,1003,1004,1925,1,"A5",533500,"2011-09-06",149368,11,8
"149369",3,"BAY RIDGE","01  ONE FAMILY HOMES","1",6129,73,"","A9","149 99TH   STREET","",11209,1,0,1,2050,1884,1925,1,"A9",660000,"2011-03-25",149369,11,2
"149370",3,"BAY RIDGE","01  ONE FAMILY HOMES","1",6129,103,"","A1","132 98TH   STREET","",11209,1,0,1,2819,2277,1925,1,"A1",1010000,"2011-10-05",149370,11,9
"149375",3,"BAY RIDGE","01  ONE FAMILY HOMES","1",6135,32,"","A1","432 99TH STREET","",11209,1,0,1,2535,1455,1925,1,"A1",725000,"2011-06-29",149375,11,5
"149376",3,"BAY RIDGE","01  ONE FAMILY HOMES","1",6138,19,"","A2","430 100TH STREET","",11209,1,0,1,2090,1624,1935,1,"A2",369000,"2011-07-05",149376,11,6
"149377",3,"BAY RIDGE","01  ONE FAMILY HOMES","1",6138,22,"","A2","436 100TH STREET","",11209,1,0,1,2074,1554,1935,1,"A2",690000,"2011-07-19",149377,11,6
"149378",3,"BAY RIDGE","01  ONE FAMILY HOMES","1",6143,69,"","A2","287 BATTERY AVENUE","",11209,1,0,1,2570,1855,1935,1,"A2",620000,"2011-04-20",149378,11,3
"223017",3,"BAY RIDGE","01  ONE FAMILY HOMES","1",5871,90,"","A5","26 BAY RIDGE PLACE","",11209,1,0,1,1600,2112,1920,1,"A5",692500,"2012-05-29",223017,12,4
"223022",3,"BAY RIDGE","01  ONE FAMILY HOMES","1",5884,7,"","A5","42 MACKAY","",11209,1,0,1,1411,1584,1930,1,"A5",655000,"2012-06-18",223022,12,5
"223023",3,"BAY RIDGE","01  ONE FAMILY HOMES","1",5884,76,"","A5","51 71ST STREET","",11209,1,0,1,1130,1260,1935,1,"A5",588000,"2012-10-15",223023,12,9
"223024",3,"BAY RIDGE","01  ONE FAMILY HOMES","1",5885,28,"","A5","7016 RIDGECREST TERRACE","",11209,1,0,1,1983,1520,1925,1,"A5",630000,"2012-05-02",223024,12,4
"223029",3,"BAY RIDGE","01  ONE FAMILY HOMES","1",5889,30,"","A5","174 71 STREET","",11209,1,0,1,1583,1264,1925,1,"A5",226040,"2012-03-23",223029,12,2
"223030",3,"BAY RIDGE","01  ONE FAMILY HOMES","1",5891,81,"","A5","335 72ND   STREET","",11209,1,0,1,1800,1560,1925,1,"A5",655000,"2012-09-20",223030,12,8
"223031",3,"BAY RIDGE","01  ONE FAMILY HOMES","1",5891,106,"","A5","7102 RIDGE COURT","",11209,1,0,1,1583,1388,1925,1,"A5",645000,"2012-02-27",223031,12,1
"223034",3,"BAY RIDGE","01  ONE FAMILY HOMES","1",5905,33,"","A5","114 72ND STREET","",11209,1,0,1,2000,2115,1910,1,"A5",886000,"2012-08-16",223034,12,7
"223035",3,"BAY RIDGE","01  ONE FAMILY HOMES","1",5916,14,"","A5","142 73RD STREET","",11209,1,0,1,1967,1896,1925,1,"A5",284160,"2012-01-19",223035,12,0
"223037",3,"BAY RIDGE","01  ONE FAMILY HOMES","1",5916,60,"","A5","147 74TH   STREET","",11209,1,0,1,2067,1760,1920,1,"A5",861000,"2012-09-28",223037,12,8
"223038",3,"BAY RIDGE","01  ONE FAMILY HOMES","1",5921,69,"","A4","639 74TH STREET","",11209,1,0,1,2000,1652,1910,1,"A4",617500,"2012-10-03",223038,12,9
"223041",3,"BAY RIDGE","01  ONE FAMILY HOMES","1",5930,25,"","A4","454 74TH   STREET","",11209,1,0,1,1860,2640,1899,1,"A4",660000,"2012-04-13",223041,12,3
"223042",3,"BAY RIDGE","01  ONE FAMILY HOMES","1",5936,7,"","A1","7543 SHORE ROAD","",11209,1,0,1,8167,3294,1925,1,"A1",2800000,"2012-04-23",223042,12,3
"223043",3,"BAY RIDGE","01  ONE FAMILY HOMES","1",5937,31,"","A5","74 BAY RIDGE PARKWAY","",11209,1,0,1,2000,1480,1920,1,"A5",780000,"2012-06-25",223043,12,5
"223045",3,"BAY RIDGE","01  ONE FAMILY HOMES","1",5937,69,"","A1","45 76TH   STREET","",11209,1,0,1,2379,1248,1920,1,"A1",600500,"2012-09-11",223045,12,8
"223046",3,"BAY RIDGE","01  ONE FAMILY HOMES","1",5938,4,"","A9","7515 COLONIAL ROAD","",11209,1,0,1,2000,1504,1925,1,"A9",726500,"2012-08-13",223046,12,7
"223047",3,"BAY RIDGE","01  ONE FAMILY HOMES","1",5938,5,"","A9","7511 COLONIAL ROAD","",11209,1,0,1,2000,1504,1925,1,"A9",770000,"2012-02-24",223047,12,1
"223048",3,"BAY RIDGE","01  ONE FAMILY HOMES","1",5938,63,"","A1","147 76TH   STREET","",11209,1,0,1,6000,3044,1920,1,"A1",1800000,"2012-08-27",223048,12,7
"223049",3,"BAY RIDGE","01  ONE FAMILY HOMES","1",5939,50,"","A5","271 76TH STREET","",11209,1,0,1,1803,1896,1920,1,"A5",490000,"2012-01-27",223049,12,0
"223050",3,"BAY RIDGE","01  ONE FAMILY HOMES","1",5939,152,"","A5","265 76TH   STREET","",11209,1,0,1,2504,1896,1920,1,"A5",668500,"2012-12-21",223050,12,11
"223054",3,"BAY RIDGE","01  ONE FAMILY HOMES","1",5947,32,"","A9","78 76TH STREET","",11209,1,0,1,3007,1472,1935,1,"A9",750000,"2012-04-03",223054,12,3
"223055",3,"BAY RIDGE","01  ONE FAMILY HOMES","1",5949,13,"","A1","212 76TH STREET","",11209,1,0,1,3827,2370,1920,1,"A1",955000,"2012-11-29",223055,12,10
"223056",3,"BAY RIDGE","01  ONE FAMILY HOMES","1",5952,71,"","A5","517 77TH. STREET","",11209,1,0,1,1950,1596,1920,1,"A5",615000,"2012-11-28",223056,12,10
"223057",3,"BAY RIDGE","01  ONE FAMILY HOMES","1",5952,85,"","A4","578 76 STREET","",11209,1,0,1,2000,2520,1910,1,"A4",678000,"2012-07-30",223057,12,6
"223058",3,"BAY RIDGE","01  ONE FAMILY HOMES","1",5956,13,"","A1","7713 SHORE ROAD","",11209,1,0,1,3780,1800,1920,1,"A1",1375000,"2012-12-27",223058,12,11
"223061",3,"BAY RIDGE","01  ONE FAMILY HOMES","1",5958,4,"","A9","7717 COLONIAL ROAD","",11209,1,0,1,2200,1478,1925,1,"A9",717000,"2012-05-03",223061,12,4
"223062",3,"BAY RIDGE","01  ONE FAMILY HOMES","1",5963,30,"","A1","7710 SEVENTH AVENUE","",11209,1,0,1,1990,2450,1960,1,"A1",6e+05,"2012-05-16",223062,12,4
"223063",3,"BAY RIDGE","01  ONE FAMILY HOMES","1",5963,69,"","A5","637 78TH STREET","",11209,1,0,1,1950,1368,1915,1,"A5",6e+05,"2012-12-06",223063,12,11
"223065",3,"BAY RIDGE","01  ONE FAMILY HOMES","1",5966,19,"","A1","74 78TH   STREET","",11209,1,0,1,2700,1360,1925,1,"A1",960000,"2012-12-21",223065,12,11
"223067",3,"BAY RIDGE","01  ONE FAMILY HOMES","1",5967,8,"","A1","7805 COLONIAL ROAD","",11209,1,0,1,3000,1648,1925,1,"A1",865000,"2012-08-30",223067,12,7
"223068",3,"BAY RIDGE","01  ONE FAMILY HOMES","1",5967,68,"","A1","135 79TH STREET","",11209,1,0,1,2870,1536,1925,1,"A1",985000,"2012-08-30",223068,12,7
"223069",3,"BAY RIDGE","01  ONE FAMILY HOMES","1",5968,36,"","A4","264 78TH STREET","",11209,1,0,1,1913,1816,1920,1,"A4",910000,"2012-06-29",223069,12,5
"223070",3,"BAY RIDGE","01  ONE FAMILY HOMES","1",5971,18,"","A5","522 78TH   STREET","",11209,1,0,1,2050,1536,1925,1,"A5",645000,"2012-04-20",223070,12,3
"223072",3,"BAY RIDGE","01  ONE FAMILY HOMES","1",5975,41,"","A1","45 80 STREET","",11209,1,0,1,2640,1568,1930,1,"A1",855000,"2012-03-01",223072,12,2
"223074",3,"BAY RIDGE","01  ONE FAMILY HOMES","1",5975,94,"","A1","8008 NARROWS AVENUE","",11209,1,0,1,3300,1898,1930,1,"A1",1275000,"2012-04-18",223074,12,3
"223075",3,"BAY RIDGE","01  ONE FAMILY HOMES","1",5975,118,"","A3","8068 NARROWS AVENUE","",11209,1,0,1,5425,1780,1930,1,"A3",1875000,"2012-11-27",223075,12,10
"223076",3,"BAY RIDGE","01  ONE FAMILY HOMES","1",5975,122,"","A3","8070 NARROWS AVENUE","",11209,1,0,1,4575,2144,1930,1,"A3",1875000,"2012-11-27",223076,12,10
"223081",3,"BAY RIDGE","01  ONE FAMILY HOMES","1",5976,35,"","A5","96 79TH STREET","",11209,1,0,1,2762,1658,1925,1,"A5",840000,"2012-09-28",223081,12,8
"223083",3,"BAY RIDGE","01  ONE FAMILY HOMES","1",5976,63,"","A1","101 80TH STREET","",11209,1,0,1,3357,2004,1930,1,"A1",995000,"2012-04-11",223083,12,3
"223084",3,"BAY RIDGE","01  ONE FAMILY HOMES","1",5977,4,"","A1","7915 COLONIAL ROAD","",11209,1,0,1,3533,2272,1925,1,"A1",1200000,"2012-08-20",223084,12,7
"223085",3,"BAY RIDGE","01  ONE FAMILY HOMES","1",5977,14,"","A9","140 79TH   STREET","",11209,1,0,1,2305,1896,1925,1,"A9",8e+05,"2012-09-25",223085,12,8
"223086",3,"BAY RIDGE","01  ONE FAMILY HOMES","1",5977,21,"","A9","152 79TH STREET","",11209,1,0,1,2305,1896,1925,1,"A9",775000,"2012-06-19",223086,12,5
"223087",3,"BAY RIDGE","01  ONE FAMILY HOMES","1",5977,51,"","A1","195 80TH   STREET","",11209,1,0,1,4373,2016,1920,1,"A1",999500,"2012-06-21",223087,12,5
"223088",3,"BAY RIDGE","01  ONE FAMILY HOMES","1",5977,63,"","A1","163 80TH STREET","",11209,1,0,1,4373,2656,1910,1,"A1",1110000,"2012-05-09",223088,12,4
"223090",3,"BAY RIDGE","01  ONE FAMILY HOMES","1",5979,64,"","A1","347 80TH STREET","",11209,1,0,1,2187,1364,1925,1,"A1",720000,"2012-11-26",223090,12,10
"223091",3,"BAY RIDGE","01  ONE FAMILY HOMES","1",5979,70,"","A1","333 80TH   STREET","",11209,1,0,1,2187,1556,1925,1,"A1",697000,"2012-09-07",223091,12,8
"223092",3,"BAY RIDGE","01  ONE FAMILY HOMES","1",5980,71,"","A1","439 80 STREET","",11209,1,0,1,3500,1866,1925,1,"A1",740000,"2012-04-25",223092,12,3
"223093",3,"BAY RIDGE","01  ONE FAMILY HOMES","1",5985,18,"","A1","84 80TH   STREET","",11209,1,0,1,3827,3744,1925,1,"A1",1440000,"2012-12-18",223093,12,11
"223096",3,"BAY RIDGE","01  ONE FAMILY HOMES","1",5985,48,"","A1","8024 COLONIAL ROAD","",11209,1,0,1,4033,2068,1925,1,"A1",1575000,"2012-07-09",223096,12,6
"223097",3,"BAY RIDGE","01  ONE FAMILY HOMES","1",5987,55,"","A1","261 81ST   STREET","",11209,1,0,1,2241,1504,1925,1,"A1",250000,"2012-09-12",223097,12,8
"223098",3,"BAY RIDGE","01  ONE FAMILY HOMES","1",5990,33,"","A5","564 80TH   STREET","",11209,1,0,1,2300,1998,1920,1,"A5",695000,"2012-09-24",223098,12,8
"223103",3,"BAY RIDGE","01  ONE FAMILY HOMES","1",5997,24,"","A5","338 81ST   STREET","",11209,1,0,1,2187,1280,1920,1,"A5",688000,"2012-08-30",223103,12,7
"223104",3,"BAY RIDGE","01  ONE FAMILY HOMES","1",5997,29,"","A5","352 81ST   STREET","",11209,1,0,1,2187,1328,1920,1,"A5",164830,"2012-05-25",223104,12,4
"223106",3,"BAY RIDGE","01  ONE FAMILY HOMES","1",5997,164,"","A5","343 82ND   STREET","",11209,1,0,1,1941,1342,1920,1,"A5",540000,"2012-05-18",223106,12,4
"223108",3,"BAY RIDGE","01  ONE FAMILY HOMES","1",6004,1,"","A1","8219 NARROWS AVENUE","",11209,1,0,1,5000,2320,1925,1,"A1",1500000,"2012-03-07",223108,12,2
"223112",3,"BAY RIDGE","01  ONE FAMILY HOMES","1",6006,64,"","A1","225 83RD STREET","",11209,1,0,1,6000,3776,1920,1,"A1",736500,"2012-07-13",223112,12,6
"223118",3,"BAY RIDGE","01  ONE FAMILY HOMES","1",6023,11,"","A1","114 84TH   STREET","",11209,1,0,1,2633,1352,1925,1,"A1",870000,"2012-02-13",223118,12,1
"223119",3,"BAY RIDGE","01  ONE FAMILY HOMES","1",6023,28,"","A1","152 84TH   STREET","",11209,1,0,1,4500,1936,1910,1,"A1",1350000,"2012-02-24",223119,12,1
"223120",3,"BAY RIDGE","01  ONE FAMILY HOMES","1",6023,36,"","A3","8402 RIDGE BOULEVARD","",11209,1,0,1,6042,2232,1910,1,"A3",1580000,"2012-05-01",223120,12,4
"223126",3,"BAY RIDGE","01  ONE FAMILY HOMES","1",6032,9,"","A1","8509 COLONIAL ROAD","",11209,1,0,1,3900,3041,1910,1,"A1",1900000,"2012-03-30",223126,12,2
"223127",3,"BAY RIDGE","01  ONE FAMILY HOMES","1",6040,42,"","A5","15 87TH STREET","",11209,1,0,1,3000,2290,1925,1,"A5",960000,"2012-06-22",223127,12,5
"223131",3,"BAY RIDGE","01  ONE FAMILY HOMES","1",6043,65,"","A5","229 87TH   STREET","",11209,1,0,1,2000,2301,1901,1,"A5",710000,"2012-07-09",223131,12,6
"223132",3,"BAY RIDGE","01  ONE FAMILY HOMES","1",6046,61,"","A9","37 88TH STREET","",11209,1,0,1,2100,1520,1925,1,"A9",755000,"2012-07-11",223132,12,6
"223137",3,"BAY RIDGE","01  ONE FAMILY HOMES","1",6053,42,"","A5","42 GATLING PLACE","",11209,1,0,1,1435,1198,1925,1,"A5",490000,"2012-09-01",223137,12,8
"223138",3,"BAY RIDGE","01  ONE FAMILY HOMES","1",6059,11,"","A9","44 88TH STREET","",11209,1,0,1,1917,2490,1925,1,"A9",7e+05,"2012-05-24",223138,12,4
"223140",3,"BAY RIDGE","01  ONE FAMILY HOMES","1",6063,2,"","A5","8921 RIDGE BOULEVARD","",11209,1,0,1,1800,1560,1920,1,"A5",928000,"2012-06-29",223140,12,5
"223145",3,"BAY RIDGE","01  ONE FAMILY HOMES","1",6078,80,"","A9","8936 COLONIAL ROAD","",11209,1,0,1,1500,2235,1925,1,"A9",699000,"2012-08-28",223145,12,7
"223146",3,"BAY RIDGE","01  ONE FAMILY HOMES","1",6078,130,"","A5","8904 SHORE COURT","",11209,1,0,1,1626,2136,1925,1,"A5",735000,"2012-09-14",223146,12,8
"223147",3,"BAY RIDGE","01  ONE FAMILY HOMES","1",6078,131,"","A1","25 COLONIAL GARDENS","",11209,1,0,1,2100,1800,1925,1,"A1",7e+05,"2012-03-15",223147,12,2
"223149",3,"BAY RIDGE","01  ONE FAMILY HOMES","1",6084,19,"","A1","138 91ST   STREET","",11209,1,0,1,2500,1808,1925,1,"A1",950000,"2012-10-09",223149,12,9
"223151",3,"BAY RIDGE","01  ONE FAMILY HOMES","1",6085,17,"","A9","226 91ST STREET","",11209,1,0,1,2242,1344,1925,1,"A9",620000,"2012-10-10",223151,12,9
"223152",3,"BAY RIDGE","01  ONE FAMILY HOMES","1",6085,56,"","A1","251 92ND STREET","",11209,1,0,1,3700,2928,1925,1,"A1",850000,"2012-09-12",223152,12,8
"223153",3,"BAY RIDGE","01  ONE FAMILY HOMES","1",6100,21,"","A1","44 OLIVER STREET","",11209,1,0,1,2500,1808,1925,1,"A1",821000,"2012-11-23",223153,12,10
"223154",3,"BAY RIDGE","01  ONE FAMILY HOMES","1",6104,58,"","A5","27 94TH   STREET","",11209,1,0,1,2500,1632,1925,1,"A5",740000,"2012-02-16",223154,12,1
"223157",3,"BAY RIDGE","01  ONE FAMILY HOMES","1",6113,62,"","A5","9421 RIDGE BLVD.","",11209,1,0,1,2080,1280,1925,1,"A5",722000,"2012-09-01",223157,12,8
"223159",3,"BAY RIDGE","01  ONE FAMILY HOMES","1",6118,19,"","A5","9407 WOGAN TERRACE","",11209,1,0,1,966,1380,1930,1,"A5",512500,"2012-11-06",223159,12,10
"223160",3,"BAY RIDGE","01  ONE FAMILY HOMES","1",6118,67,"","A5","9419 WOGAN TERRACE","",11209,1,0,1,1083,1104,1930,1,"A5",470000,"2012-05-01",223160,12,4
"223161",3,"BAY RIDGE","01  ONE FAMILY HOMES","1",6118,68,"","A5","9417 WOGAN TERRACE","",11209,1,0,1,966,1104,1930,1,"A5",575000,"2012-08-29",223161,12,7
"223164",3,"BAY RIDGE","01  ONE FAMILY HOMES","1",6124,26,"","A5","162 96TH   STREET","",11209,1,0,1,2500,1756,1925,1,"A5",540000,"2012-05-24",223164,12,4
"223165",3,"BAY RIDGE","01  ONE FAMILY HOMES","1",6124,39,"","A9","157 97TH STREET","",11209,1,0,1,2600,1400,1925,1,"A9",690000,"2012-03-05",223165,12,2
"223166",3,"BAY RIDGE","01  ONE FAMILY HOMES","1",6129,137,"","A1","129 99TH   STREET","",11209,1,0,1,5433,2758,1925,1,"A1",1050000,"2012-09-10",223166,12,8
